<?xml version="1.0" encoding="UTF-8"?>
<preferences>
 <systemtable filter="Default">
  <columns>
   <connections preferredWidth="47" />
   <export visible="0" />
   <irq preferredWidth="34" />
  </columns>
 </systemtable>
 <clocktable>
  <columns>
   <clockname preferredWidth="365" />
   <clocksource preferredWidth="363" />
   <frequency preferredWidth="348" />
  </columns>
 </clocktable>
 <window width="1600" height="870" x="0" y="0" />
 <library
   expandedCategories="Library/Memories and Memory Controllers,Library/Memories and Memory Controllers/SDRAM,Library,Project" />
 <debug showDebugMenu="0" />
</preferences>
